smoker,count,mean_charges,median_charges
no,896,8585.889308035714,8232.130000000001
yes,204,16537.14656862745,16391.690000000002
