mean_charges,median_charges,min_charges,max_charges,sd_charges
10060.486109090909,9124.31,1203.51,32559.28,4574.454739357267
