plan_type,count,mean_charges,median_charges
basic,339,9061.798908554572,8092.73
premium,208,11244.051490384616,10341.689999999999
standard,553,10227.526546112116,9131.85
