model,r_squared,adjusted_r_squared,aic
Model 1,0.08608951589911266,0.08358793610686577,21573.773535685763
Model 2,0.7470671546012303,0.7442748876787049,20178.70406716084
