term,estimate,std.error,statistic,p.value
(Intercept),2197.995093797886,918.9977689632912,2.391730609180275,0.016936928859622422
age,92.84565051488494,10.69825948309566,8.678575301112348,1.427903671754345e-17
bmi,138.40532261432543,29.203007137293817,4.7394202235280884,2.425081712583701e-6
children,75.0837908216605,90.04506056473532,0.8338468579037842,0.4045489776418787
